{
  "file_name": "we03multi03.png",
  "level_name": "Tanks A Lot",
  "x_dimension": 3840,
  "y_dimension": 2160,
  "x_center": 2081,
  "y_center": 527,
  "image_pixels_per_map_x": [-3.5543362398727796, 0.04607848688718813],
  "image_pixels_per_map_z": [-0.027360478248751985, 3.466383952413185],
  "map_per_pixel_x": [-0.2813752749169904, 0.003740308948353935],
  "map_per_pixel_y": [-0.0022209201850658875, 0.28851458764266025]
}
